meal_id,cuisine,large_portion,number_of_reviews,avg_review_score
1134,thai,FALSE,101,3.349452234
1846,american,FALSE,111,5
1762,latin,FALSE,220,4.882706181
1254,middle-eastern,TRUE,446,5
1493,korean,TRUE,513,-1
1447,japanese,TRUE,129,1.057940437
1647,thai,FALSE,626,4.165674036
1783,chinese,FALSE,804,2.05645146
1093,italian,TRUE,2307325,0.922366289
1028,latin,FALSE,380,4.731922995
1827,italian,TRUE,528,-1
1428,mediterranean,TRUE,133,2.689902015
1753,vegetarian,TRUE,861,3.196601625
1002,vegetarian,TRUE,798,3.055954108
1439,japanese,TRUE,221,2.065320676
1710,latin,FALSE,183,2.152575649
1225,american,FALSE,341,5
1929,japanese,TRUE,2306891,0.960206334
1885,middle-eastern,TRUE,2306305,2.776561454
1030,chinese,FALSE,204,2.845955359
1024,indian,FALSE,337,4.93896308
1530,middle-eastern,TRUE,717,2.044562317
1918,indian,FALSE,734,5
1372,italian,TRUE,270,5
1211,thai,FALSE,165,3.245659352
1411,vegetarian,TRUE,847,-1
1990,vegetarian,TRUE,815,1.590493995
1215,indian,FALSE,141,2.305873491
1425,american,FALSE,500,2.638107543
1481,mediterranean,TRUE,354,5
1226,indian,FALSE,641,3.805726189
1223,italian,TRUE,538,2.515986429
1975,mediterranean,TRUE,612,3.362436687
1444,thai,FALSE,533,2.739038162
1279,vegetarian,TRUE,199,0.66077005
1020,italian,TRUE,657,4.673486945
1807,indian,FALSE,187,3.12502834
1535,middle-eastern,TRUE,363,4.200595235
1617,japanese,TRUE,279,4.924063134
1178,vegetarian,TRUE,853,4.282531911
1952,american,FALSE,2307109,4.892616565
1824,japanese,TRUE,406,3.470736253
1115,japanese,TRUE,506,4.879809184
1318,american,FALSE,138,2.410914227
1689,latin,FALSE,375,1.541118345
1679,japanese,TRUE,815,4.208251838
1893,chinese,FALSE,525,2.488061729
1402,vegetarian,TRUE,408,3.739737701
1790,mediterranean,TRUE,254,3.220849491
1637,italian,TRUE,497,2.777251023
1288,american,FALSE,232,2.279915513
1557,thai,FALSE,756,4.96642221
1836,indian,FALSE,654,0.525442385
1801,korean,TRUE,99,4.289727262
1477,indian,FALSE,801,4.602260541
1556,latin,FALSE,642,3.466589393
1032,italian,TRUE,127,3.569581883
1228,italian,TRUE,775,4.204139549
1751,middle-eastern,TRUE,68,1.976255866
1389,mediterranean,TRUE,214,3.516579725
1162,mediterranean,TRUE,700,2.550749288
1515,vegetarian,TRUE,246,1.751858817
1659,italian,TRUE,390,1.28075057
1631,mediterranean,TRUE,2306307,2.192205236
1350,chinese,FALSE,136,2.653361455
1410,middle-eastern,TRUE,644,0.712061477
1474,italian,TRUE,808,2.809478249
1726,chinese,FALSE,511,1.818432259
1485,mediterranean,TRUE,764,4.326188192
1366,american,FALSE,807,-1
1455,indian,FALSE,488,5
1027,chinese,FALSE,725,1.814480189
1040,latin,FALSE,795,3.843383635
1652,middle-eastern,TRUE,829,1.132483757
1910,korean,TRUE,526,2.439171449
1548,middle-eastern,TRUE,2307117,2.416543284
1363,vegetarian,TRUE,242,1.127813157
1157,japanese,TRUE,776,2.17873221
1463,indian,FALSE,2307041,1.875635831
1904,vegetarian,TRUE,433,3.368046923
1708,japanese,TRUE,319,2.507220252
1495,indian,FALSE,564,5
1789,indian,FALSE,540,3.940205932
1212,middle-eastern,TRUE,789,1.461362921
1470,mediterranean,TRUE,618,2.551394193
1871,mediterranean,TRUE,233,2.055828945
1528,italian,TRUE,651,1.263262736
1419,mediterranean,TRUE,457,2.39262987
1245,middle-eastern,TRUE,614,5
1499,japanese,TRUE,437,3.618025266
1870,middle-eastern,TRUE,777,2.021846349
1005,american,FALSE,2306121,1.492752671
1711,japanese,TRUE,485,2.540309444
1744,american,FALSE,728,4.72937059
1802,indian,FALSE,397,0.956465618
1670,korean,TRUE,736,-1
1731,vegetarian,TRUE,767,3.756594769
1468,indian,FALSE,384,4.219748323
1506,japanese,TRUE,813,1.515687489
1383,middle-eastern,TRUE,69,5
1050,korean,TRUE,684,5
1782,korean,TRUE,400,5
1511,korean,TRUE,195,1.448674368
1179,vegetarian,TRUE,420,2.343346882
1452,indian,FALSE,651,5
1434,korean,TRUE,870,1.85602347
1956,american,FALSE,218,0.297943928
1309,vegetarian,TRUE,508,3.034607996
1480,indian,FALSE,830,3.770574116
1555,vegetarian,TRUE,542,4.020197948
1545,chinese,FALSE,133,5
1407,middle-eastern,TRUE,306,-1
1979,italian,TRUE,75,3.886381669
1203,american,FALSE,327,3.398647488
1922,chinese,FALSE,275,2.094757107
1517,chinese,FALSE,91,2.182759174
1761,middle-eastern,TRUE,860,1.105819765
1705,indian,FALSE,315,-1
1703,japanese,TRUE,589,1.848019396
1719,latin,FALSE,265,4.079558203
1224,korean,TRUE,298,1.27570373
1739,korean,TRUE,115,0.863505099
1590,middle-eastern,TRUE,267,1.637205815
1072,mediterranean,TRUE,564,2.031119144
1014,italian,TRUE,534,-1
1012,american,FALSE,585,2.035974755
1660,chinese,FALSE,780,3.131220775
1217,korean,TRUE,202,3.407337553
1095,thai,FALSE,867,-1
1544,american,FALSE,79,4.970239672
1299,indian,FALSE,685,5
1060,middle-eastern,TRUE,379,3.501546689
1138,italian,TRUE,104,1.996069235
1457,mediterranean,TRUE,388,1.877670241
1145,middle-eastern,TRUE,271,-1
1236,middle-eastern,TRUE,715,5
1614,middle-eastern,TRUE,250,5
1392,indian,FALSE,73,4.258360301
1277,italian,TRUE,359,1.393932057
1888,korean,TRUE,281,0.850934923
1964,italian,TRUE,223,2.21418991
1332,american,FALSE,171,3.621384255
1361,korean,TRUE,662,-1
1161,middle-eastern,TRUE,632,2.450735763
1991,japanese,TRUE,213,3.235882299
1769,korean,TRUE,774,0.696349539
1435,indian,FALSE,386,4.519897559
1960,japanese,TRUE,2306809,3.728534609
1516,italian,TRUE,673,2.914211765
1695,american,FALSE,239,2.501658896
1017,middle-eastern,TRUE,815,4.237246292
1015,vegetarian,TRUE,69,4.417712734
1124,indian,FALSE,602,5
1608,thai,FALSE,695,2.153776072
1135,mediterranean,TRUE,510,-1
1595,middle-eastern,TRUE,376,3.477207849
1572,korean,TRUE,123,-1
1459,thai,FALSE,2306128,2.727486713
1185,japanese,TRUE,374,2.708077222
1820,italian,TRUE,194,4.653901264
1920,korean,TRUE,776,1.562768075
1433,chinese,FALSE,538,4.065204502
1187,vegetarian,TRUE,2306178,3.850507693
1542,american,FALSE,2306318,1.572053551
1330,korean,TRUE,837,0.269427952
1891,italian,TRUE,161,3.275321712
1267,italian,TRUE,294,-1
1525,middle-eastern,TRUE,456,3.304926029
1048,korean,TRUE,714,-1
1248,italian,TRUE,689,2.068913871
1803,middle-eastern,TRUE,747,5
1725,american,FALSE,327,1.646297056
1253,middle-eastern,TRUE,856,2.488481214
1709,japanese,TRUE,282,1.86852045
1256,middle-eastern,TRUE,2307369,2.971114183
1774,indian,FALSE,283,0.960149747
1612,japanese,TRUE,319,1.282883437
1342,middle-eastern,TRUE,251,5
1207,japanese,TRUE,783,0.619594632
1006,latin,FALSE,94,4.561464597
1720,korean,TRUE,636,3.986222665
1031,latin,FALSE,737,0.643672543
1839,middle-eastern,TRUE,824,5
1786,thai,FALSE,2306901,3.612419832
1465,indian,FALSE,639,1.016886486
1139,american,FALSE,73,4.677472899
1706,latin,FALSE,208,0.882078462
1791,indian,FALSE,548,4.102441274
1571,american,FALSE,2307243,-0.057772428
1412,indian,FALSE,357,-1
1306,thai,FALSE,637,3.828199185
1280,italian,TRUE,2306318,0.697216022
1166,indian,FALSE,833,5
1909,thai,FALSE,687,2.675509231
1348,american,FALSE,220,0.317338247
1156,italian,TRUE,233,4.806450747
1083,middle-eastern,TRUE,234,-1
1534,korean,TRUE,771,0.642618238
1237,japanese,TRUE,370,2.259312574
1400,latin,FALSE,544,4.121016095
1260,japanese,TRUE,432,4.532670417
1696,thai,FALSE,794,3.922192039
1717,middle-eastern,TRUE,221,2.039669074
1875,korean,TRUE,487,0.483302345
1159,middle-eastern,TRUE,871,4.067755971
1799,mediterranean,TRUE,286,1.142382227
1992,chinese,FALSE,131,5
1620,chinese,FALSE,423,-1
1268,vegetarian,TRUE,152,0.690716981
1168,american,FALSE,773,5
1532,latin,FALSE,293,3.318863975
1873,latin,FALSE,477,4.652088834
1734,italian,TRUE,379,5
1270,italian,TRUE,734,3.740716258
1693,mediterranean,TRUE,826,1.743546759
1539,american,FALSE,726,-1
1379,mediterranean,TRUE,205,0.865063599
1771,middle-eastern,TRUE,320,0.647692107
1183,middle-eastern,TRUE,719,1.16880459
1566,chinese,FALSE,187,5
1066,italian,TRUE,408,4.298949675
1132,indian,FALSE,636,2.314268867
1919,korean,TRUE,470,-1
1165,american,FALSE,574,4.068742091
1589,korean,TRUE,807,3.276624636
1815,mediterranean,TRUE,640,1.886369841
1651,thai,FALSE,799,5
1284,vegetarian,TRUE,360,1.103057461
1262,italian,TRUE,780,4.211759964
1879,italian,TRUE,803,5
1667,latin,FALSE,212,4.206630464
1464,middle-eastern,TRUE,760,4.748021582
1732,italian,TRUE,436,2.849455191
1680,middle-eastern,TRUE,809,2.282410148
1103,korean,TRUE,429,1.801171183
1421,japanese,TRUE,505,-1
1079,korean,TRUE,752,0.767426445
1029,japanese,TRUE,784,3.407208556
1055,mediterranean,TRUE,569,5
1937,mediterranean,TRUE,575,1.752380481
1598,thai,FALSE,72,4.813946682
1628,italian,TRUE,729,1.709961917
1258,japanese,TRUE,2307288,2.563611776
1958,japanese,TRUE,823,1.234891093
1591,middle-eastern,TRUE,294,3.757806293
1285,chinese,FALSE,94,2.151879302
1430,latin,FALSE,416,1.01408672
1951,indian,FALSE,171,1.864260052
1061,middle-eastern,TRUE,158,4.666727426
1200,latin,FALSE,566,4.854858737
1668,indian,FALSE,472,0.795867754
1422,american,FALSE,78,2.550362236
1691,vegetarian,TRUE,467,3.310420702
1341,middle-eastern,TRUE,477,2.9285728
1206,indian,FALSE,869,3.294655163
1586,korean,TRUE,342,3.174886949
1615,indian,FALSE,799,3.635062705
1009,latin,FALSE,356,3.789807073
1497,italian,TRUE,134,0.955420254
1067,chinese,FALSE,795,1.985553326
1085,italian,TRUE,659,3.361858675
1654,vegetarian,TRUE,80,5
1997,vegetarian,TRUE,428,4.428872793
1176,latin,FALSE,369,0.376889065
1727,latin,FALSE,853,1.604079592
1892,japanese,TRUE,448,4.21549
1084,vegetarian,TRUE,793,2.411669177
1122,mediterranean,TRUE,710,3.243354148
1736,mediterranean,TRUE,321,0.688595523
1543,thai,FALSE,106,0.935903385
1075,thai,FALSE,85,0.875244332
1663,indian,FALSE,681,3.964868908
1275,latin,FALSE,415,2.199992342
1882,japanese,TRUE,582,0.582467604
1788,japanese,TRUE,459,2.232433807
1213,vegetarian,TRUE,855,0.620325284
1781,middle-eastern,TRUE,827,4.678673461
1344,japanese,TRUE,428,2.488088336
1876,korean,TRUE,423,3.672379783
1915,japanese,TRUE,733,1.990611384
1973,korean,TRUE,334,3.418234127
1007,latin,FALSE,367,0.628145556
1932,chinese,FALSE,613,1.078510384
1967,japanese,TRUE,865,0.263943065
1427,korean,TRUE,632,2.06764693
1321,japanese,TRUE,401,1.95592966
1968,latin,FALSE,310,5
1044,american,FALSE,662,0.960048252
1650,thai,FALSE,752,3.195242324
1955,italian,TRUE,689,1.372282063
1688,japanese,TRUE,610,2.866762314
1078,mediterranean,TRUE,458,2.880961828
1152,american,FALSE,729,-1
1436,mediterranean,TRUE,535,-1
1747,italian,TRUE,427,1.687461163
1382,chinese,FALSE,223,5
1484,indian,FALSE,188,4.942380846
1756,italian,TRUE,849,2.510659075
1181,japanese,TRUE,488,-1
1793,italian,TRUE,183,2.884300506
1972,japanese,TRUE,250,5
1172,japanese,TRUE,2306652,4.575760236
1056,korean,TRUE,89,2.464563282
1195,vegetarian,TRUE,358,1.018923801
1684,japanese,TRUE,207,-1
1311,indian,FALSE,256,2.739429195
1895,middle-eastern,TRUE,195,4.480874518
1445,korean,TRUE,606,5
1907,mediterranean,TRUE,165,5
1269,middle-eastern,TRUE,289,1.286018857
1716,american,FALSE,471,-1
1983,mediterranean,TRUE,514,2.942033382
1872,mediterranean,TRUE,2307151,0.594100285
1581,japanese,TRUE,565,3.532578451
1823,italian,TRUE,604,3.796479583
1821,american,FALSE,218,0.88881383
1942,vegetarian,TRUE,859,-0.17313165
1371,japanese,TRUE,707,3.939120259
1394,japanese,TRUE,440,-1
1405,mediterranean,TRUE,592,5
1963,japanese,TRUE,479,5
1013,italian,TRUE,546,2.564940155
1776,japanese,TRUE,500,-1
1831,thai,FALSE,408,4.359755991
1976,american,FALSE,84,2.568017814
1047,korean,TRUE,563,1.87309468
1899,vegetarian,TRUE,441,5
1715,italian,TRUE,517,5
1798,indian,FALSE,2306370,1.943800059
1531,italian,TRUE,197,1.619753832
1835,indian,FALSE,769,5
1577,chinese,FALSE,630,4.174487063
1102,korean,TRUE,738,2.05744106
1334,japanese,TRUE,91,3.359310994
1529,thai,FALSE,823,2.565605548
1051,korean,TRUE,2306134,4.502468897
1630,mediterranean,TRUE,677,4.491433319
1114,italian,TRUE,409,1.120957236
1513,japanese,TRUE,417,2.89687505
1773,chinese,FALSE,518,2.057887231
1947,american,FALSE,760,1.446571272
1210,italian,TRUE,713,3.718741504
1070,italian,TRUE,485,-1
1337,thai,FALSE,112,3.286120989
1603,italian,TRUE,528,3.191762853
1192,american,FALSE,716,-1
1584,mediterranean,TRUE,721,0.656021701
1092,thai,FALSE,663,1.508641659
1593,japanese,TRUE,576,3.986464886
1859,japanese,TRUE,436,2.606336971
1205,japanese,TRUE,652,2.056251516
1906,japanese,TRUE,483,5
1520,middle-eastern,TRUE,369,4.811690629
1648,american,FALSE,347,0.757881293
1730,chinese,FALSE,75,2.072159275
1970,middle-eastern,TRUE,449,3.483203275
1966,middle-eastern,TRUE,448,4.192831603
1662,vegetarian,TRUE,565,5
1861,american,FALSE,2307390,0.545839373
1101,korean,TRUE,811,5
1866,mediterranean,TRUE,132,0.701582293
1426,latin,FALSE,727,4.747573366
1856,italian,TRUE,567,-1
1041,latin,FALSE,296,1.038375675
1685,vegetarian,TRUE,511,5
1661,mediterranean,TRUE,337,0.786573728
1805,indian,FALSE,773,5
1822,japanese,TRUE,483,2.331213264
1538,mediterranean,TRUE,344,3.58885783
1286,thai,FALSE,602,2.985251984
1249,japanese,TRUE,99,4.529258112
1724,japanese,TRUE,249,2.905702531
1939,chinese,FALSE,119,0.721550639
1848,middle-eastern,TRUE,670,4.33534362
1404,chinese,FALSE,106,3.326121461
1794,italian,TRUE,254,4.360003343
1356,latin,FALSE,254,1.269436768
1038,italian,TRUE,641,1.566033067
1220,vegetarian,TRUE,317,2.232093033
1878,korean,TRUE,614,5
1077,vegetarian,TRUE,392,1.005344243
1160,thai,FALSE,704,3.409672509
1512,vegetarian,TRUE,172,0.310859821
1911,indian,FALSE,408,1.402092498
1247,middle-eastern,TRUE,598,2.881554214
1376,middle-eastern,TRUE,2306244,-1
1143,mediterranean,TRUE,698,2.832703769
1004,vegetarian,TRUE,271,1.425547324
1323,middle-eastern,TRUE,282,1.920227392
1809,vegetarian,TRUE,472,0.848036583
1395,vegetarian,TRUE,72,3.666185699
1266,chinese,FALSE,329,1.80339415
1417,japanese,TRUE,165,4.929969324
1443,american,FALSE,614,3.865109735
1144,vegetarian,TRUE,2307275,3.912371093
1869,korean,TRUE,817,4.408583464
1289,italian,TRUE,186,3.313233787
1845,korean,TRUE,184,4.578860875
1830,chinese,FALSE,698,5
1336,italian,TRUE,281,4.714449608
1806,mediterranean,TRUE,428,4.683864474
1549,vegetarian,TRUE,549,2.052620393
1164,latin,FALSE,215,0.734235283
1385,middle-eastern,TRUE,394,2.495602261
1880,indian,FALSE,837,1.007955624
1042,vegetarian,TRUE,658,1.174646632
1303,middle-eastern,TRUE,101,0.906638121
1993,vegetarian,TRUE,457,1.910102761
1094,korean,TRUE,369,2.856699352
1785,korean,TRUE,257,3.53116642
1592,korean,TRUE,125,3.878794655
1723,italian,TRUE,783,3.525116709
1860,korean,TRUE,827,5
1498,japanese,TRUE,243,3.280887877
1687,japanese,TRUE,813,5
1934,middle-eastern,TRUE,2306412,0.827912929
1987,italian,TRUE,356,3.925595502
1346,american,FALSE,248,-1
1646,korean,TRUE,242,4.357341888
1775,middle-eastern,TRUE,367,5
1944,mediterranean,TRUE,533,4.755099685
1669,middle-eastern,TRUE,694,1.736939507
1640,japanese,TRUE,81,1.015462855
1605,italian,TRUE,471,1.678032613
1125,korean,TRUE,340,0.473046988
1327,indian,FALSE,313,3.277250244
1894,italian,TRUE,235,-1
1737,chinese,FALSE,300,1.051640154
1940,latin,FALSE,384,4.566782778
1409,american,FALSE,344,0.581166318
1198,italian,TRUE,285,5
1293,latin,FALSE,341,2.766154965
1855,korean,TRUE,144,1.819783296
1413,chinese,FALSE,729,0.772151843
1023,mediterranean,TRUE,471,1.617456107
1554,mediterranean,TRUE,637,-1
1982,chinese,FALSE,781,4.873304261
1353,middle-eastern,TRUE,279,5
1150,vegetarian,TRUE,339,5
1961,thai,FALSE,675,2.993596952
1537,latin,FALSE,775,4.543764802
1619,italian,TRUE,376,1.754823504
1432,middle-eastern,TRUE,138,-1
1902,indian,FALSE,302,5
1930,middle-eastern,TRUE,2306383,1.107799791
1388,japanese,TRUE,386,-1
1246,chinese,FALSE,499,0.947458761
1897,middle-eastern,TRUE,194,4.552066523
1536,latin,FALSE,255,3.977949914
1658,latin,FALSE,205,1.525458222
1441,american,FALSE,152,0.676723867
1946,italian,TRUE,854,5
1090,mediterranean,TRUE,624,4.167750726
1852,korean,TRUE,102,0.881142247
1068,chinese,FALSE,2306407,4.448505179
1977,korean,TRUE,480,2.535509668
1521,vegetarian,TRUE,830,2.872181387
1064,mediterranean,TRUE,248,3.965695996
1325,vegetarian,TRUE,321,1.146548432
1621,italian,TRUE,187,3.744845314
1063,italian,TRUE,188,2.969515353
1795,mediterranean,TRUE,368,3.030498632
1133,mediterranean,TRUE,226,1.168376735
1959,korean,TRUE,540,3.049224007
1986,indian,FALSE,758,5
1749,indian,FALSE,617,1.957471233
1234,mediterranean,TRUE,251,4.028628256
1011,middle-eastern,TRUE,321,4.646577073
1333,korean,TRUE,314,-1
1714,latin,FALSE,290,3.327137256
1442,middle-eastern,TRUE,785,4.070379302
1109,italian,TRUE,437,4.947673401
1561,vegetarian,TRUE,754,0.766859038
1754,indian,FALSE,414,0.530844632
1613,mediterranean,TRUE,475,1.510368475
1307,japanese,TRUE,259,-1
1131,japanese,TRUE,630,1.582138125
1357,japanese,TRUE,105,4.223568385
1810,vegetarian,TRUE,852,2.594262102
1764,japanese,TRUE,566,2.287382299
1901,vegetarian,TRUE,89,4.458070241
1283,japanese,TRUE,796,0.801567009
1996,indian,FALSE,834,1.430110219
1665,indian,FALSE,496,-1
1396,mediterranean,TRUE,419,5
1568,american,FALSE,2306652,3.88784326
1196,mediterranean,TRUE,484,-1
1865,italian,TRUE,2307064,1.750913469
1883,japanese,TRUE,677,2.912751436
1645,chinese,FALSE,675,5
1868,american,FALSE,687,2.662262389
1380,vegetarian,TRUE,153,-1
1641,chinese,FALSE,125,3.956247682
1489,chinese,FALSE,350,4.822622656
1596,latin,FALSE,682,2.526780111
1491,chinese,FALSE,66,0.989591005
1889,japanese,TRUE,482,4.97046927
1251,italian,TRUE,244,4.114547892
1287,italian,TRUE,557,2.986042302
1155,korean,TRUE,2306733,0.871356759
1502,chinese,FALSE,712,0.956732066
1546,vegetarian,TRUE,550,4.755132542
1263,vegetarian,TRUE,279,2.425770047
1000,indian,FALSE,328,3.343805992
1219,korean,TRUE,381,3.959445597
1222,american,FALSE,69,5
1527,chinese,FALSE,502,1.09703732
1634,chinese,FALSE,589,4.584139117
1505,middle-eastern,TRUE,114,4.164407141
1335,middle-eastern,TRUE,703,3.210558459
1241,latin,FALSE,70,0.661862327
1316,japanese,TRUE,868,1.730235277
1184,middle-eastern,TRUE,448,3.34801991
1099,mediterranean,TRUE,425,0.561223523
1001,italian,TRUE,289,1.349443266
1999,middle-eastern,TRUE,214,4.696145649
1655,vegetarian,TRUE,242,5
1971,indian,FALSE,135,3.534856424
1399,mediterranean,TRUE,518,2.771264535
1616,chinese,FALSE,741,0.701044736
1473,italian,TRUE,143,4.363211309
1221,korean,TRUE,199,0.273795
1398,japanese,TRUE,2306228,1.408970069
1671,mediterranean,TRUE,66,1.341776657
1354,latin,FALSE,714,0.843619463
1469,japanese,TRUE,202,1.147839172
1576,italian,TRUE,194,4.03067868
1080,vegetarian,TRUE,76,2.414522564
1292,thai,FALSE,175,3.681523035
1250,american,FALSE,102,0.671703657
1752,korean,TRUE,94,0.79239961
1931,korean,TRUE,336,0.973087741
1182,italian,TRUE,656,3.976729673
1569,middle-eastern,TRUE,107,-1
1188,italian,TRUE,216,3.943524614
1800,vegetarian,TRUE,757,1.436384279
1271,italian,TRUE,643,-1
1339,chinese,FALSE,784,1.177930946
1414,japanese,TRUE,423,3.139874605
1345,thai,FALSE,336,5
1969,italian,TRUE,405,5
1632,chinese,FALSE,87,4.694839381
1514,mediterranean,TRUE,87,2.246281259
1296,chinese,FALSE,609,1.658582064
1501,vegetarian,TRUE,825,3.512655905
1841,mediterranean,TRUE,161,4.855000482
1526,middle-eastern,TRUE,716,5
1563,american,FALSE,714,4.443752224
1423,latin,FALSE,141,2.292635689
1352,vegetarian,TRUE,136,4.922583928
1508,italian,TRUE,360,4.019212914
1722,mediterranean,TRUE,258,2.767581482
1365,middle-eastern,TRUE,194,2.123311765
1816,korean,TRUE,685,2.95066784
1500,thai,FALSE,122,5
1117,italian,TRUE,387,1.467308841
1314,italian,TRUE,130,4.930375438
1387,korean,TRUE,141,3.301946464
1240,italian,TRUE,485,4.000654471
1740,italian,TRUE,572,2.092101421
1890,american,FALSE,768,3.89537999
1916,italian,TRUE,770,5
1204,japanese,TRUE,488,4.952830085
1019,italian,TRUE,439,3.157212923
1494,vegetarian,TRUE,2307272,0.954653518
1611,japanese,TRUE,413,1.663380143
1588,thai,FALSE,2306875,2.158121293
1153,american,FALSE,373,0.579474603
1518,thai,FALSE,809,0.473673961
1008,indian,FALSE,549,3.146902607
1218,korean,TRUE,593,-1
1766,american,FALSE,843,4.302799216
1295,mediterranean,TRUE,863,0.008042101
1171,italian,TRUE,167,3.317353018
1639,american,FALSE,539,1.498859044
1257,japanese,TRUE,333,4.759213575
1088,middle-eastern,TRUE,846,1.967892693
1087,korean,TRUE,598,4.525624909
1373,thai,FALSE,853,2.284332453
1113,mediterranean,TRUE,369,-1
1818,middle-eastern,TRUE,808,4.709014007
1633,japanese,TRUE,148,3.774041225
1429,vegetarian,TRUE,320,4.243022012
1948,american,FALSE,104,4.877880566
1438,korean,TRUE,741,1.986161572
1305,mediterranean,TRUE,350,4.728259874
1069,vegetarian,TRUE,684,1.222557594
1690,japanese,TRUE,545,0.814028736
1482,vegetarian,TRUE,329,4.929213654
1666,mediterranean,TRUE,862,4.812668079
1110,vegetarian,TRUE,86,3.061596637
1629,korean,TRUE,202,2.084185279
1755,american,FALSE,206,3.017316986
1683,mediterranean,TRUE,828,2.431534726
1780,american,FALSE,531,3.288902282
1319,japanese,TRUE,248,-1
1935,indian,FALSE,262,2.763685619
1778,middle-eastern,TRUE,319,4.936808605
1089,vegetarian,TRUE,112,1.069328881
1386,italian,TRUE,639,2.402026571
1282,vegetarian,TRUE,584,2.068991516
1600,korean,TRUE,2306652,2.247309923
1874,vegetarian,TRUE,835,3.91587669
1522,thai,FALSE,670,2.381316914
1553,latin,FALSE,96,4.681907543
1575,japanese,TRUE,146,2.264411074
1170,mediterranean,TRUE,215,3.527326734
1604,vegetarian,TRUE,846,0.361407179
1524,mediterranean,TRUE,416,4.330703946
1074,mediterranean,TRUE,321,2.9284188
1244,italian,TRUE,318,2.394381211
1760,korean,TRUE,387,4.431713586
1377,middle-eastern,TRUE,670,3.437186577
1638,italian,TRUE,569,3.701537716
1450,middle-eastern,TRUE,711,4.223936612
1808,latin,FALSE,776,5
1232,middle-eastern,TRUE,331,0.991204328
1100,middle-eastern,TRUE,732,4.12892023
1201,vegetarian,TRUE,254,3.201223787
1052,chinese,FALSE,108,1.47495917
1449,korean,TRUE,443,4.997808565
1921,japanese,TRUE,604,1.663901686
1136,middle-eastern,TRUE,2307309,3.649821002
1431,italian,TRUE,483,3.216488646
1547,american,FALSE,608,1.259321886
1510,indian,FALSE,653,4.358729432
1812,indian,FALSE,568,1.339014146
1420,italian,TRUE,627,0.890082436
1039,korean,TRUE,634,4.404580385
1147,vegetarian,TRUE,198,4.263126076
1467,italian,TRUE,700,4.421271832
1036,vegetarian,TRUE,592,4.273045361
1503,middle-eastern,TRUE,418,2.0061805
1797,middle-eastern,TRUE,547,4.753209421
1607,chinese,FALSE,490,2.041424388
1324,italian,TRUE,512,3.604790425
1777,middle-eastern,TRUE,353,5
1397,italian,TRUE,138,5
1884,american,FALSE,462,3.627712275
1294,american,FALSE,141,4.097292265
1347,vegetarian,TRUE,151,0.671233137
1540,korean,TRUE,610,1.96797678
1767,japanese,TRUE,775,-1
1862,vegetarian,TRUE,438,4.068651171
1594,latin,FALSE,741,2.680513341
1834,japanese,TRUE,712,1.546915995
1033,latin,FALSE,280,5
1141,indian,FALSE,470,4.181641711
1174,korean,TRUE,89,0.878616023
1551,vegetarian,TRUE,548,5
1059,mediterranean,TRUE,178,3.800317054
1472,middle-eastern,TRUE,249,0.957563772
1453,american,FALSE,264,1.344974637
1618,latin,FALSE,776,0.62585931
1750,vegetarian,TRUE,98,1.159616766
1073,mediterranean,TRUE,773,2.99547523
1475,indian,FALSE,333,2.118193308
1675,middle-eastern,TRUE,501,4.03412149
1886,chinese,FALSE,715,2.5978565
1310,mediterranean,TRUE,119,3.399294244
1338,mediterranean,TRUE,724,2.262792881
1626,middle-eastern,TRUE,555,3.71334341
1374,thai,FALSE,472,5
1483,indian,FALSE,189,1.643192623
1107,latin,FALSE,834,1.186523272
1128,korean,TRUE,727,-1
1193,japanese,TRUE,555,-1
1461,chinese,FALSE,2306273,0.825002373
1403,italian,TRUE,711,3.179804915
1291,chinese,FALSE,388,2.402983117
1819,italian,TRUE,568,2.676984825
1673,chinese,FALSE,238,3.353648191
1623,american,FALSE,845,1.769550512
1635,chinese,FALSE,334,1.754712642
1674,korean,TRUE,260,3.482307617
1216,latin,FALSE,661,2.231649642
1018,japanese,TRUE,209,1.839259866
1938,italian,TRUE,134,1.609529629
1636,korean,TRUE,361,4.274580241
1148,japanese,TRUE,124,0.909879411
1580,american,FALSE,669,2.810984599
1945,middle-eastern,TRUE,329,2.502407928
1917,vegetarian,TRUE,213,4.773522221
1813,indian,FALSE,318,0.951519622
1265,latin,FALSE,821,5
1678,vegetarian,TRUE,70,0.344712174
1792,american,FALSE,271,3.512135485
1368,chinese,FALSE,390,3.038612541
1844,latin,FALSE,388,2.441934318
1583,vegetarian,TRUE,501,5
1197,chinese,FALSE,629,3.043100355
1230,vegetarian,TRUE,592,-1
1984,korean,TRUE,2306544,4.209139568
1259,vegetarian,TRUE,309,-1
1202,korean,TRUE,212,-1
1118,mediterranean,TRUE,165,2.761250624
1191,middle-eastern,TRUE,248,-1
1974,latin,FALSE,128,3.708355635
1817,thai,FALSE,266,1.311068131
1448,american,FALSE,274,3.765601573
1573,japanese,TRUE,130,1.57368562
1965,mediterranean,TRUE,507,4.66245157
1175,american,FALSE,154,0.486895844
1765,latin,FALSE,543,0.843040811
1896,japanese,TRUE,227,-1
1677,mediterranean,TRUE,803,2.466747803
1416,middle-eastern,TRUE,146,1.890345771
1849,vegetarian,TRUE,2306878,2.695363464
1456,chinese,FALSE,803,3.297660464
1120,italian,TRUE,136,3.091127275
1057,japanese,TRUE,546,5
1857,vegetarian,TRUE,102,5
1322,chinese,FALSE,762,3.713785619
1190,korean,TRUE,465,1.185371489
1437,mediterranean,TRUE,396,0.730185691
1391,latin,FALSE,204,2.1978751
1359,mediterranean,TRUE,222,0.089564755
1415,middle-eastern,TRUE,591,-1
1657,american,FALSE,108,4.822749857
1274,korean,TRUE,808,3.01690306
1355,japanese,TRUE,650,0.704539064
1825,vegetarian,TRUE,872,1.603529726
1924,thai,FALSE,93,1.473781603
1864,middle-eastern,TRUE,548,4.834066163
1796,indian,FALSE,592,2.617436378
1025,vegetarian,TRUE,737,3.417392616
1853,american,FALSE,564,4.818646604
1653,chinese,FALSE,862,3.318748886
1704,korean,TRUE,814,1.004813942
1998,middle-eastern,TRUE,2306552,3.204829872
1010,korean,TRUE,831,3.35166628
1142,american,FALSE,367,2.885653477
1304,indian,FALSE,225,3.789528491
1034,korean,TRUE,741,1.622789059
1105,middle-eastern,TRUE,672,5
1837,chinese,FALSE,819,1.132962901
1900,american,FALSE,385,-1
1840,middle-eastern,TRUE,628,2.19180246
1137,latin,FALSE,562,4.776976885
1565,vegetarian,TRUE,176,2.592091673
1208,thai,FALSE,308,1.69980558
1022,italian,TRUE,599,4.066966984
1340,american,FALSE,752,4.379580007
1098,japanese,TRUE,660,1.281257775
1264,thai,FALSE,141,-1
1763,italian,TRUE,381,1.241287362
1562,mediterranean,TRUE,710,3.781976042
1381,korean,TRUE,69,2.689681348
1746,japanese,TRUE,374,0.665259998
1214,thai,FALSE,362,2.581436613
1729,thai,FALSE,268,2.339962354
1315,japanese,TRUE,415,-1
1509,italian,TRUE,742,3.168729614
1261,chinese,FALSE,709,2.501309656
1081,american,FALSE,794,3.983581435
1082,italian,TRUE,153,2.686860064
1828,american,FALSE,838,2.069268923
1741,indian,FALSE,777,5
1504,korean,TRUE,124,3.997465285
1384,thai,FALSE,141,1.882380339
1804,american,FALSE,303,2.28569472
1490,italian,TRUE,473,4.196119257
1235,middle-eastern,TRUE,736,1.595435779
1393,mediterranean,TRUE,218,5
1787,italian,TRUE,682,0.763022345
1597,japanese,TRUE,676,3.742445293
1681,latin,FALSE,815,4.16414334
1610,vegetarian,TRUE,399,1.656824305
1738,latin,FALSE,296,1.480831426
1440,vegetarian,TRUE,659,3.838423268
1312,american,FALSE,175,2.157927197
1733,korean,TRUE,493,2.111990901
1833,korean,TRUE,719,2.656489806
1757,mediterranean,TRUE,549,2.098502656
1923,chinese,FALSE,712,5
1129,italian,TRUE,165,4.357712842
1742,middle-eastern,TRUE,661,4.486356815
1701,vegetarian,TRUE,631,1.1799595
1479,italian,TRUE,534,5
1988,indian,FALSE,485,3.647218267
1065,vegetarian,TRUE,102,5
1558,middle-eastern,TRUE,447,-1
1281,japanese,TRUE,237,3.083947958
1627,mediterranean,TRUE,423,5
1108,japanese,TRUE,752,1.292129521
1458,indian,FALSE,443,3.935803629
1912,latin,FALSE,458,0.979308525
1194,japanese,TRUE,191,5
1358,mediterranean,TRUE,266,4.177233108
1772,latin,FALSE,769,0.779325757
1735,middle-eastern,TRUE,171,4.183606324
1863,italian,TRUE,82,4.703068283
1486,thai,FALSE,102,5
1702,chinese,FALSE,567,1.84515324
1243,vegetarian,TRUE,169,4.818170678
1466,thai,FALSE,651,4.267610555
1954,italian,TRUE,598,3.648411456
1255,middle-eastern,TRUE,180,3.913451634
1186,italian,TRUE,408,2.105510404
1950,korean,TRUE,520,1.814280068
1026,middle-eastern,TRUE,217,1.759218713
1104,indian,FALSE,127,2.549994997
1329,mediterranean,TRUE,162,1.80016561
1476,middle-eastern,TRUE,235,4.819206405
1302,chinese,FALSE,671,-1
1609,middle-eastern,TRUE,338,3.15540772
1478,korean,TRUE,2306536,0.994276463
1550,indian,FALSE,599,5
1180,thai,FALSE,750,1.135576832
1877,indian,FALSE,732,3.40914655
1076,chinese,FALSE,670,2.021858731
1748,mediterranean,TRUE,816,4.229286764
1487,vegetarian,TRUE,326,2.333827249
1850,vegetarian,TRUE,187,3.929045453
1758,italian,TRUE,340,4.260073155
1928,vegetarian,TRUE,614,1.768671775
1126,thai,FALSE,285,4.989173196
1854,italian,TRUE,664,2.25678442
1360,korean,TRUE,2307043,0.445208395
1989,korean,TRUE,436,4.628614782
1300,latin,FALSE,127,-1
1130,indian,FALSE,720,0.975016841
1424,japanese,TRUE,729,1.377052806
1471,italian,TRUE,459,2.971873638
1096,japanese,TRUE,134,2.45000522
1046,korean,TRUE,872,2.459767665
1574,middle-eastern,TRUE,643,1.84456754
1045,latin,FALSE,729,0.45517722
1699,vegetarian,TRUE,320,-1
1375,korean,TRUE,665,3.565486387
1606,italian,TRUE,787,2.180462079
1362,latin,FALSE,846,4.114469388
1625,indian,FALSE,2307377,4.355484012
1238,japanese,TRUE,646,-1
1694,japanese,TRUE,221,5
1167,latin,FALSE,110,3.061607742
1003,japanese,TRUE,582,2.49229229
1743,italian,TRUE,126,1.571199833
1644,japanese,TRUE,509,5
1642,italian,TRUE,489,1.381807547
1698,italian,TRUE,151,4.180599811
1519,chinese,FALSE,362,3.819647683
1587,japanese,TRUE,589,0.192758975
1602,mediterranean,TRUE,448,4.99421787
1814,thai,FALSE,307,-1
1599,chinese,FALSE,114,1.832273867
1242,vegetarian,TRUE,284,2.955856606
1829,thai,FALSE,738,4.588955363
1832,italian,TRUE,2306878,3.792680457
1290,indian,FALSE,233,2.097216016
1768,latin,FALSE,803,-1
1121,chinese,FALSE,398,5
1370,mediterranean,TRUE,2307064,0.371664188
1037,vegetarian,TRUE,593,2.855464804
1843,vegetarian,TRUE,401,3.144012101
1149,mediterranean,TRUE,561,4.020774611
1570,chinese,FALSE,2307167,3.412474531
1672,american,FALSE,206,4.322372808
1231,mediterranean,TRUE,680,3.325895686
1697,latin,FALSE,87,3.460378794
1123,korean,TRUE,708,4.895472943
1151,vegetarian,TRUE,666,2.918728662
1418,middle-eastern,TRUE,531,-1
1908,italian,TRUE,450,3.758880122
1957,thai,FALSE,399,5
1941,korean,TRUE,511,0.469540511
1759,indian,FALSE,521,2.704574909
1682,vegetarian,TRUE,745,2.20701808
1091,vegetarian,TRUE,473,3.78815041
1496,thai,FALSE,658,-1
1462,vegetarian,TRUE,339,5
1331,indian,FALSE,2306323,0.590789076
1507,italian,TRUE,833,4.903282093
1981,mediterranean,TRUE,867,2.142277821
1728,vegetarian,TRUE,556,3.904626671
1308,japanese,TRUE,550,1.855615602
1585,korean,TRUE,72,1.693794589
1847,indian,FALSE,343,2.710469105
1564,middle-eastern,TRUE,145,4.129143797
1154,chinese,FALSE,708,2.561461356
1278,korean,TRUE,288,2.678661404
1127,japanese,TRUE,696,4.069050275
1676,mediterranean,TRUE,339,0.99947229
1533,italian,TRUE,186,1.801611254
1035,latin,FALSE,468,-1
1446,italian,TRUE,257,4.952489867
1953,american,FALSE,2306857,1.541989027
1779,thai,FALSE,732,1.312522229
1881,japanese,TRUE,289,1.844573828
1301,chinese,FALSE,482,4.96905474
1903,middle-eastern,TRUE,717,1.335393217
1158,japanese,TRUE,383,-1
1925,latin,FALSE,770,4.227509107
1826,american,FALSE,307,-1
1349,japanese,TRUE,427,2.006255157
1622,mediterranean,TRUE,247,4.155317856
1978,latin,FALSE,119,0.624030838
1297,thai,FALSE,752,2.828826559
1523,mediterranean,TRUE,245,1.513715241
1233,latin,FALSE,227,3.869466376
1401,middle-eastern,TRUE,653,3.13851196
1905,indian,FALSE,373,4.580813936
1811,italian,TRUE,104,1.092435013
1146,mediterranean,TRUE,174,-1
1712,italian,TRUE,658,1.61164474
1408,thai,FALSE,577,2.795865345
1239,vegetarian,TRUE,746,5
1867,indian,FALSE,350,0.599536046
1914,american,FALSE,163,1.587224012
1980,japanese,TRUE,143,1.67165899
1578,chinese,FALSE,273,3.329480572
1656,vegetarian,TRUE,418,4.933600326
1454,american,FALSE,231,3.480193334
1229,mediterranean,TRUE,289,4.087154876
1579,middle-eastern,TRUE,484,3.411672858
1209,thai,FALSE,184,2.771212778
1021,chinese,FALSE,655,1.657130027
1071,thai,FALSE,459,1.881550632
1643,japanese,TRUE,500,4.891810284
1624,japanese,TRUE,504,5
1949,indian,FALSE,461,0.818011266
1985,vegetarian,TRUE,635,2.78158447
1927,indian,FALSE,341,2.914175317
1140,mediterranean,TRUE,221,2.779251442
1700,korean,TRUE,524,2.969720811
1943,latin,FALSE,151,5
1227,italian,TRUE,642,0.665725207
1567,japanese,TRUE,381,1.55034125
1664,middle-eastern,TRUE,368,3.759461664
1582,thai,FALSE,225,2.069290182
1367,middle-eastern,TRUE,711,4.526136281
1049,mediterranean,TRUE,697,3.686757074
1898,japanese,TRUE,402,3.619441785
1177,chinese,FALSE,707,2.204547186
1784,italian,TRUE,752,3.272025481
1406,italian,TRUE,348,5
1313,japanese,TRUE,80,4.905531509
1770,japanese,TRUE,388,2.167849141
1560,latin,FALSE,254,5
1058,middle-eastern,TRUE,429,2.220760497
1460,mediterranean,TRUE,167,2.459147713
1298,italian,TRUE,262,2.009254754
1343,japanese,TRUE,250,3.811256798
1851,mediterranean,TRUE,429,2.712949985
1692,thai,FALSE,2307240,1.492670074
1054,latin,FALSE,228,3.81278337
1111,japanese,TRUE,525,3.370568501
1273,american,FALSE,455,0.524524408
1173,korean,TRUE,825,4.33760954
1116,mediterranean,TRUE,417,3.292589636
1328,japanese,TRUE,520,4.997110456
1189,chinese,FALSE,755,1.091239395
1199,middle-eastern,TRUE,2306773,1.508105057
1488,japanese,TRUE,752,4.205710057
1276,italian,TRUE,339,1.371683764
1926,latin,FALSE,325,4.801198242
1317,mediterranean,TRUE,387,-1
1043,chinese,FALSE,582,3.144875512
1106,korean,TRUE,587,1.677219725
1390,latin,FALSE,208,4.182160672
1552,italian,TRUE,2306762,4.883468154
1936,middle-eastern,TRUE,371,5
1559,italian,TRUE,562,2.777492005
1163,mediterranean,TRUE,157,4.298157932
1320,mediterranean,TRUE,435,5
1601,mediterranean,TRUE,292,-0.094907048
1451,american,FALSE,317,2.338433023
1016,middle-eastern,TRUE,270,3.14490522
1838,indian,FALSE,149,2.746445663
1086,thai,FALSE,251,1.37989703
1369,latin,FALSE,796,4.656024364
1492,middle-eastern,TRUE,194,4.99444314
1649,japanese,TRUE,527,1.227851154
1887,vegetarian,TRUE,867,3.411806314
1119,mediterranean,TRUE,449,3.934246981
1169,vegetarian,TRUE,784,4.909353434
1713,korean,TRUE,579,3.477602663
1252,korean,TRUE,646,3.639528953
1707,mediterranean,TRUE,505,-1
1378,japanese,TRUE,480,5
1272,vegetarian,TRUE,544,1.440219427
1913,american,FALSE,328,-1
1351,chinese,FALSE,246,4.772992579
1745,korean,TRUE,724,5
1933,american,FALSE,565,4.472081528
1053,vegetarian,TRUE,796,1.299088521
1842,italian,TRUE,816,2.068545834
1686,japanese,TRUE,290,4.830807089
1364,japanese,TRUE,617,2.551909466
1718,chinese,FALSE,69,1.898316345
1097,indian,FALSE,808,4.681046813
1112,thai,FALSE,803,3.855352041
1962,japanese,TRUE,411,4.18729311
1994,italian,TRUE,841,4.634187902
1858,latin,FALSE,756,2.878617769
1541,latin,FALSE,312,1.149902758
1326,korean,TRUE,603,1.277216197
1062,japanese,TRUE,705,3.602008322
1721,italian,TRUE,306,1.846254426
1995,mediterranean,TRUE,199,3.576706169